{
  "model_name": "Risk Classifier",
  "training_date": "2026-05-02T21:18:49.711845",
  "dataset_rows": 50000,
  "train_accuracy": 0.927625,
  "test_accuracy": 0.8403,
  "test_f1": 0.2905375388716126,
  "test_precision": 0.5696864111498258,
  "test_recall": 0.19499105545617174,
  "model_version": "1.0",
  "features": [
    "product_name",
    "farmer_location",
    "buyer_location",
    "unit_price",
    "quantity",
    "total_price",
    "payment_method"
  ],
  "feature_importances": {
    "product_name": 0.03735645177887162,
    "farmer_location": 0.10405736876875335,
    "buyer_location": 0.10732053229522531,
    "unit_price": 0.21857188657555757,
    "quantity": 0.15953568494520684,
    "total_price": 0.3004195226218477,
    "payment_method": 0.07273855301453779
  },
  "classes": [
    0,
    1
  ],
  "class_labels": [
    "Safe (Approved)",
    "Risk (Rejected/Cancelled)"
  ]
}